First Name,Last Name,Email
Agma,Malakar,agmamalakar@gmail.com
Akash,Deo,akash.deo.c2020@iitbombay.org
Saroj Kumar,Dhakal,skdhakal@hamropatro.com
Nibesh Kiran,Adhikari,menibesh@gmail.com
Dipak,Malla,dipakmalla@treeleaf.ai